{"mean": -0.11996391415596008, "std": 1.6948469877243042}