{
  "f1@5_raw": 0.15156947076320648,
  "f1@5_refined": 0.21005868911743164,
  "f1@10_raw": 0.2756231427192688,
  "f1@10_refined": 0.37049978971481323,
  "f1@15_raw": 0.36560770869255066,
  "f1@15_refined": 0.47110655903816223,
  "f1@20_raw": 0.41958701610565186,
  "f1@20_refined": 0.5318208336830139,
  "cos_raw": 0.2160644233226776,
  "cos_refined": 0.48538216948509216
}