family,train,val,test,train_fraction,val_fraction,val_minus_train_fraction,val_to_train_ratio
spice,803836,111071,278943,0.546544271979,0.718482964726,0.171938692747,0.138176195144
qm7x,618544,37048,247438,0.420560512551,0.239651726168,-0.180908786383,0.059895496521
qm9,41281,5677,12642,0.028067782597,0.036722707014,0.008654924417,0.137520893389
des5m,7100,795,2105,0.004827432873,0.005142602092,0.000315169219,0.111971830986
