family,train,val,train_fraction,val_fraction,val_minus_train_fraction,val_to_train_ratio
spice,803836,111071,0.546544271978928,0.7184829647262777,0.17193869274734974,0.13817619514428317
qm7x,618544,37048,0.42056051255098553,0.2396517261677588,-0.18090878638322674,0.059895496520861895
qm9,41281,5677,0.028067782596900515,0.03672270701399176,0.008654924417091245,0.13752089338921053
des5m,7100,795,0.004827432873186058,0.005142602091971719,0.00031516921878566116,0.1119718309859155
