{
  "f1@5_raw": 0.15156947076320648,
  "f1@5_refined": 0.20497696101665497,
  "f1@10_raw": 0.2756231427192688,
  "f1@10_refined": 0.3521643877029419,
  "f1@15_raw": 0.36560770869255066,
  "f1@15_refined": 0.45257294178009033,
  "f1@20_raw": 0.41958701610565186,
  "f1@20_refined": 0.512468695640564,
  "cos_raw": 0.2160644233226776,
  "cos_refined": 0.49180856347084045
}